Daily Price,aapl,Daily Price,amd,Daily Price,amzn,Daily Price,ebay
1/2/2018 16:00:00,172.26,1/2/2018 16:00:00,10.98,1/2/2018 16:00:00,1189.01,1/2/2018 16:00:00,38.06
1/3/2018 16:00:00,172.23,1/3/2018 16:00:00,11.55,1/3/2018 16:00:00,1204.2,1/3/2018 16:00:00,39.22
1/4/2018 16:00:00,173.03,1/4/2018 16:00:00,12.12,1/4/2018 16:00:00,1209.59,1/4/2018 16:00:00,38.57
1/5/2018 16:00:00,175,1/5/2018 16:00:00,11.88,1/5/2018 16:00:00,1229.14,1/5/2018 16:00:00,39.69
1/8/2018 16:00:00,174.35,1/8/2018 16:00:00,12.28,1/8/2018 16:00:00,1246.87,1/8/2018 16:00:00,39.8
1/9/2018 16:00:00,174.33,1/9/2018 16:00:00,11.82,1/9/2018 16:00:00,1252.7,1/9/2018 16:00:00,39.53
1/10/2018 16:00:00,174.29,1/10/2018 16:00:00,11.96,1/10/2018 16:00:00,1254.33,1/10/2018 16:00:00,37.7
1/11/2018 16:00:00,175.28,1/11/2018 16:00:00,12.14,1/11/2018 16:00:00,1276.68,1/11/2018 16:00:00,37.81
1/12/2018 16:00:00,177.09,1/12/2018 16:00:00,12.02,1/12/2018 16:00:00,1305.2,1/12/2018 16:00:00,38.02
1/16/2018 16:00:00,176.19,1/16/2018 16:00:00,11.91,1/16/2018 16:00:00,1304.86,1/16/2018 16:00:00,37.68
1/17/2018 16:00:00,179.1,1/17/2018 16:00:00,12.18,1/17/2018 16:00:00,1295,1/17/2018 16:00:00,37.99
1/18/2018 16:00:00,179.26,1/18/2018 16:00:00,12.47,1/18/2018 16:00:00,1293.32,1/18/2018 16:00:00,38.74
1/19/2018 16:00:00,178.46,1/19/2018 16:00:00,12.59,1/19/2018 16:00:00,1294.58,1/19/2018 16:00:00,38.43
1/22/2018 16:00:00,177,1/22/2018 16:00:00,12.65,1/22/2018 16:00:00,1327.31,1/22/2018 16:00:00,39.58
1/23/2018 16:00:00,177.04,1/23/2018 16:00:00,12.94,1/23/2018 16:00:00,1362.54,1/23/2018 16:00:00,39.77
1/24/2018 16:00:00,174.22,1/24/2018 16:00:00,12.71,1/24/2018 16:00:00,1357.51,1/24/2018 16:00:00,39.82
1/25/2018 16:00:00,171.11,1/25/2018 16:00:00,12.41,1/25/2018 16:00:00,1377.95,1/25/2018 16:00:00,40.02
1/26/2018 16:00:00,171.51,1/26/2018 16:00:00,12.95,1/26/2018 16:00:00,1402.05,1/26/2018 16:00:00,40.89
1/29/2018 16:00:00,167.96,1/29/2018 16:00:00,13.32,1/29/2018 16:00:00,1417.68,1/29/2018 16:00:00,40.8
1/30/2018 16:00:00,166.97,1/30/2018 16:00:00,12.87,1/30/2018 16:00:00,1437.82,1/30/2018 16:00:00,40.4
1/31/2018 16:00:00,167.43,1/31/2018 16:00:00,13.74,1/31/2018 16:00:00,1450.89,1/31/2018 16:00:00,40.58
2/1/2018 16:00:00,167.78,2/1/2018 16:00:00,13.25,2/1/2018 16:00:00,1390,2/1/2018 16:00:00,46.19
2/2/2018 16:00:00,160.5,2/2/2018 16:00:00,12.45,2/2/2018 16:00:00,1429.95,2/2/2018 16:00:00,44.3
2/5/2018 16:00:00,156.49,2/5/2018 16:00:00,11.57,2/5/2018 16:00:00,1390,2/5/2018 16:00:00,42.37
2/6/2018 16:00:00,163.03,2/6/2018 16:00:00,11.65,2/6/2018 16:00:00,1442.84,2/6/2018 16:00:00,42.79
2/7/2018 16:00:00,159.54,2/7/2018 16:00:00,11.6,2/7/2018 16:00:00,1416.78,2/7/2018 16:00:00,42.33
2/8/2018 16:00:00,155.15,2/8/2018 16:00:00,11.22,2/8/2018 16:00:00,1350.5,2/8/2018 16:00:00,41.02
2/9/2018 16:00:00,156.41,2/9/2018 16:00:00,11.31,2/9/2018 16:00:00,1339.6,2/9/2018 16:00:00,41.66
2/12/2018 16:00:00,162.71,2/12/2018 16:00:00,11.68,2/12/2018 16:00:00,1386.23,2/12/2018 16:00:00,42.32
2/13/2018 16:00:00,164.34,2/13/2018 16:00:00,11.78,2/13/2018 16:00:00,1414.51,2/13/2018 16:00:00,42.15
2/14/2018 16:00:00,167.37,2/14/2018 16:00:00,12.2,2/14/2018 16:00:00,1451.05,2/14/2018 16:00:00,42.44
2/15/2018 16:00:00,172.99,2/15/2018 16:00:00,12.19,2/15/2018 16:00:00,1461.76,2/15/2018 16:00:00,43.01
2/16/2018 16:00:00,172.43,2/16/2018 16:00:00,11.82,2/16/2018 16:00:00,1448.69,2/16/2018 16:00:00,43.34
2/20/2018 16:00:00,171.85,2/20/2018 16:00:00,12.02,2/20/2018 16:00:00,1468.35,2/20/2018 16:00:00,43.39
2/21/2018 16:00:00,171.07,2/21/2018 16:00:00,11.72,2/21/2018 16:00:00,1482.92,2/21/2018 16:00:00,43.12
2/22/2018 16:00:00,172.5,2/22/2018 16:00:00,11.84,2/22/2018 16:00:00,1485.34,2/22/2018 16:00:00,42.83
2/23/2018 16:00:00,175.5,2/23/2018 16:00:00,12.07,2/23/2018 16:00:00,1500,2/23/2018 16:00:00,43.68
2/26/2018 16:00:00,178.97,2/26/2018 16:00:00,12.42,2/26/2018 16:00:00,1521.95,2/26/2018 16:00:00,43.83
2/27/2018 16:00:00,178.39,2/27/2018 16:00:00,12.53,2/27/2018 16:00:00,1511.98,2/27/2018 16:00:00,43.15
2/28/2018 16:00:00,178.12,2/28/2018 16:00:00,12.11,2/28/2018 16:00:00,1512.45,2/28/2018 16:00:00,42.86
3/1/2018 16:00:00,175,3/1/2018 16:00:00,11.9,3/1/2018 16:00:00,1493.45,3/1/2018 16:00:00,42.27
3/2/2018 16:00:00,176.21,3/2/2018 16:00:00,11.81,3/2/2018 16:00:00,1500.25,3/2/2018 16:00:00,42.95
3/5/2018 16:00:00,176.82,3/5/2018 16:00:00,11.91,3/5/2018 16:00:00,1523.61,3/5/2018 16:00:00,43.19
3/6/2018 16:00:00,176.67,3/6/2018 16:00:00,11.76,3/6/2018 16:00:00,1537.64,3/6/2018 16:00:00,43.14
3/7/2018 16:00:00,175.03,3/7/2018 16:00:00,12.24,3/7/2018 16:00:00,1545,3/7/2018 16:00:00,43.93
3/8/2018 16:00:00,176.94,3/8/2018 16:00:00,11.97,3/8/2018 16:00:00,1551.86,3/8/2018 16:00:00,43.68
3/9/2018 16:00:00,179.98,3/9/2018 16:00:00,11.7,3/9/2018 16:00:00,1578.89,3/9/2018 16:00:00,43.81
3/12/2018 16:00:00,181.72,3/12/2018 16:00:00,11.52,3/12/2018 16:00:00,1598.39,3/12/2018 16:00:00,43.9
3/13/2018 16:00:00,179.97,3/13/2018 16:00:00,11.64,3/13/2018 16:00:00,1588.18,3/13/2018 16:00:00,42.82
3/14/2018 16:00:00,178.44,3/14/2018 16:00:00,11.36,3/14/2018 16:00:00,1591,3/14/2018 16:00:00,42.83
3/15/2018 16:00:00,178.65,3/15/2018 16:00:00,11.46,3/15/2018 16:00:00,1582.32,3/15/2018 16:00:00,42.59
3/16/2018 16:00:00,178.02,3/16/2018 16:00:00,11.47,3/16/2018 16:00:00,1571.68,3/16/2018 16:00:00,42.46
3/19/2018 16:00:00,175.3,3/19/2018 16:00:00,11.43,3/19/2018 16:00:00,1544.93,3/19/2018 16:00:00,42.09
3/20/2018 16:00:00,175.24,3/20/2018 16:00:00,11.11,3/20/2018 16:00:00,1586.51,3/20/2018 16:00:00,41.96
3/21/2018 16:00:00,171.27,3/21/2018 16:00:00,11.26,3/21/2018 16:00:00,1581.86,3/21/2018 16:00:00,41.67
3/22/2018 16:00:00,168.85,3/22/2018 16:00:00,10.91,3/22/2018 16:00:00,1544.92,3/22/2018 16:00:00,40.58
3/23/2018 16:00:00,164.94,3/23/2018 16:00:00,10.63,3/23/2018 16:00:00,1495.56,3/23/2018 16:00:00,39.71
3/26/2018 16:00:00,172.77,3/26/2018 16:00:00,10.44,3/26/2018 16:00:00,1555.86,3/26/2018 16:00:00,41.01
3/27/2018 16:00:00,168.34,3/27/2018 16:00:00,10,3/27/2018 16:00:00,1497.05,3/27/2018 16:00:00,40.22
3/28/2018 16:00:00,166.48,3/28/2018 16:00:00,9.81,3/28/2018 16:00:00,1431.42,3/28/2018 16:00:00,40.11
3/29/2018 16:00:00,167.78,3/29/2018 16:00:00,10.05,3/29/2018 16:00:00,1447.34,3/29/2018 16:00:00,40.24
4/2/2018 16:00:00,166.68,4/2/2018 16:00:00,9.53,4/2/2018 16:00:00,1371.99,4/2/2018 16:00:00,39.36
4/3/2018 16:00:00,168.39,4/3/2018 16:00:00,9.55,4/3/2018 16:00:00,1392.05,4/3/2018 16:00:00,39.61
4/4/2018 16:00:00,171.61,4/4/2018 16:00:00,9.77,4/4/2018 16:00:00,1410.57,4/4/2018 16:00:00,39.79
4/5/2018 16:00:00,172.8,4/5/2018 16:00:00,10.02,4/5/2018 16:00:00,1451.75,4/5/2018 16:00:00,40.03
4/6/2018 16:00:00,168.38,4/6/2018 16:00:00,9.61,4/6/2018 16:00:00,1405.23,4/6/2018 16:00:00,39.09
4/9/2018 16:00:00,170.05,4/9/2018 16:00:00,9.53,4/9/2018 16:00:00,1406.08,4/9/2018 16:00:00,38.88
4/10/2018 16:00:00,173.25,4/10/2018 16:00:00,9.98,4/10/2018 16:00:00,1436.22,4/10/2018 16:00:00,39.59
4/11/2018 16:00:00,172.44,4/11/2018 16:00:00,9.82,4/11/2018 16:00:00,1427.05,4/11/2018 16:00:00,39.83
4/12/2018 16:00:00,174.14,4/12/2018 16:00:00,10.08,4/12/2018 16:00:00,1448.5,4/12/2018 16:00:00,40.53
4/13/2018 16:00:00,174.73,4/13/2018 16:00:00,9.93,4/13/2018 16:00:00,1430.79,4/13/2018 16:00:00,39.9
4/16/2018 16:00:00,175.82,4/16/2018 16:00:00,10.09,4/16/2018 16:00:00,1441.5,4/16/2018 16:00:00,40.19
4/17/2018 16:00:00,178.24,4/17/2018 16:00:00,10.52,4/17/2018 16:00:00,1503.83,4/17/2018 16:00:00,40.61
4/18/2018 16:00:00,177.84,4/18/2018 16:00:00,10.36,4/18/2018 16:00:00,1527.84,4/18/2018 16:00:00,41.75
4/19/2018 16:00:00,172.8,4/19/2018 16:00:00,10.11,4/19/2018 16:00:00,1556.91,4/19/2018 16:00:00,42.11
4/20/2018 16:00:00,165.72,4/20/2018 16:00:00,9.99,4/20/2018 16:00:00,1527.49,4/20/2018 16:00:00,42.2
4/23/2018 16:00:00,165.24,4/23/2018 16:00:00,10.04,4/23/2018 16:00:00,1517.86,4/23/2018 16:00:00,41.6
4/24/2018 16:00:00,162.94,4/24/2018 16:00:00,10.09,4/24/2018 16:00:00,1460.09,4/24/2018 16:00:00,41.18
4/25/2018 16:00:00,163.65,4/25/2018 16:00:00,9.71,4/25/2018 16:00:00,1460.17,4/25/2018 16:00:00,40.97
4/26/2018 16:00:00,164.22,4/26/2018 16:00:00,11.04,4/26/2018 16:00:00,1517.96,4/26/2018 16:00:00,38.68
4/27/2018 16:00:00,162.32,4/27/2018 16:00:00,11.11,4/27/2018 16:00:00,1572.62,4/27/2018 16:00:00,38.23
4/30/2018 16:00:00,165.26,4/30/2018 16:00:00,10.88,4/30/2018 16:00:00,1566.13,4/30/2018 16:00:00,37.88
5/1/2018 16:00:00,169.1,5/1/2018 16:00:00,11.13,5/1/2018 16:00:00,1582.26,5/1/2018 16:00:00,37.83
5/2/2018 16:00:00,176.57,5/2/2018 16:00:00,10.97,5/2/2018 16:00:00,1569.68,5/2/2018 16:00:00,37.18
5/3/2018 16:00:00,176.89,5/3/2018 16:00:00,10.93,5/3/2018 16:00:00,1572.08,5/3/2018 16:00:00,37.64
5/4/2018 16:00:00,183.83,5/4/2018 16:00:00,11.28,5/4/2018 16:00:00,1580.95,5/4/2018 16:00:00,38
5/7/2018 16:00:00,185.16,5/7/2018 16:00:00,11.59,5/7/2018 16:00:00,1600.14,5/7/2018 16:00:00,37.8
5/8/2018 16:00:00,186.05,5/8/2018 16:00:00,11.61,5/8/2018 16:00:00,1592.39,5/8/2018 16:00:00,38.1
5/9/2018 16:00:00,187.36,5/9/2018 16:00:00,11.95,5/9/2018 16:00:00,1608,5/9/2018 16:00:00,38.23
5/10/2018 16:00:00,190.04,5/10/2018 16:00:00,12.13,5/10/2018 16:00:00,1609.08,5/10/2018 16:00:00,38.5
5/11/2018 16:00:00,188.59,5/11/2018 16:00:00,11.95,5/11/2018 16:00:00,1602.91,5/11/2018 16:00:00,38.26
5/14/2018 16:00:00,188.15,5/14/2018 16:00:00,12.23,5/14/2018 16:00:00,1601.54,5/14/2018 16:00:00,38.39
5/15/2018 16:00:00,186.44,5/15/2018 16:00:00,12.45,5/15/2018 16:00:00,1576.12,5/15/2018 16:00:00,38.08
5/16/2018 16:00:00,188.18,5/16/2018 16:00:00,12.82,5/16/2018 16:00:00,1587.28,5/16/2018 16:00:00,38.35
5/17/2018 16:00:00,186.99,5/17/2018 16:00:00,12.82,5/17/2018 16:00:00,1581.76,5/17/2018 16:00:00,38.4
5/18/2018 16:00:00,186.31,5/18/2018 16:00:00,12.82,5/18/2018 16:00:00,1574.37,5/18/2018 16:00:00,38.4
5/21/2018 16:00:00,187.63,5/21/2018 16:00:00,12.99,5/21/2018 16:00:00,1585.46,5/21/2018 16:00:00,38.29
5/22/2018 16:00:00,187.16,5/22/2018 16:00:00,12.98,5/22/2018 16:00:00,1581.4,5/22/2018 16:00:00,37.77
5/23/2018 16:00:00,188.36,5/23/2018 16:00:00,13.1,5/23/2018 16:00:00,1601.86,5/23/2018 16:00:00,38.04
5/24/2018 16:00:00,188.15,5/24/2018 16:00:00,13.41,5/24/2018 16:00:00,1603.07,5/24/2018 16:00:00,37.79
5/25/2018 16:00:00,188.58,5/25/2018 16:00:00,13.54,5/25/2018 16:00:00,1610.15,5/25/2018 16:00:00,37.94
5/29/2018 16:00:00,187.9,5/29/2018 16:00:00,13.36,5/29/2018 16:00:00,1612.87,5/29/2018 16:00:00,37.53
5/30/2018 16:00:00,187.5,5/30/2018 16:00:00,13.82,5/30/2018 16:00:00,1624.89,5/30/2018 16:00:00,37.85
5/31/2018 16:00:00,186.87,5/31/2018 16:00:00,13.73,5/31/2018 16:00:00,1629.62,5/31/2018 16:00:00,37.72
6/1/2018 16:00:00,190.24,6/1/2018 16:00:00,14.4,6/1/2018 16:00:00,1641.54,6/1/2018 16:00:00,38.34
6/4/2018 16:00:00,191.83,6/4/2018 16:00:00,14.85,6/4/2018 16:00:00,1665.27,6/4/2018 16:00:00,39.07
6/5/2018 16:00:00,193.31,6/5/2018 16:00:00,14.85,6/5/2018 16:00:00,1696.35,6/5/2018 16:00:00,40.04
6/6/2018 16:00:00,193.98,6/6/2018 16:00:00,15.67,6/6/2018 16:00:00,1695.75,6/6/2018 16:00:00,39.95
6/7/2018 16:00:00,193.46,6/7/2018 16:00:00,14.89,6/7/2018 16:00:00,1689.3,6/7/2018 16:00:00,40.45
6/8/2018 16:00:00,191.7,6/8/2018 16:00:00,15.25,6/8/2018 16:00:00,1683.99,6/8/2018 16:00:00,40.29
6/11/2018 16:00:00,191.23,6/11/2018 16:00:00,15.73,6/11/2018 16:00:00,1689.12,6/11/2018 16:00:00,40.49
6/12/2018 16:00:00,192.28,6/12/2018 16:00:00,15.85,6/12/2018 16:00:00,1698.75,6/12/2018 16:00:00,40.45
6/13/2018 16:00:00,190.7,6/13/2018 16:00:00,16.32,6/13/2018 16:00:00,1704.86,6/13/2018 16:00:00,39.33
6/14/2018 16:00:00,190.8,6/14/2018 16:00:00,16.25,6/14/2018 16:00:00,1723.86,6/14/2018 16:00:00,39
6/15/2018 16:00:00,188.84,6/15/2018 16:00:00,16.34,6/15/2018 16:00:00,1715.97,6/15/2018 16:00:00,38.89
6/18/2018 16:00:00,188.74,6/18/2018 16:00:00,17.11,6/18/2018 16:00:00,1723.79,6/18/2018 16:00:00,38.86
6/19/2018 16:00:00,185.69,6/19/2018 16:00:00,16.69,6/19/2018 16:00:00,1734.78,6/19/2018 16:00:00,39.18
6/20/2018 16:00:00,186.5,6/20/2018 16:00:00,16.52,6/20/2018 16:00:00,1750.08,6/20/2018 16:00:00,39.26
6/21/2018 16:00:00,185.46,6/21/2018 16:00:00,15.65,6/21/2018 16:00:00,1730.22,6/21/2018 16:00:00,38.01
6/22/2018 16:00:00,184.92,6/22/2018 16:00:00,15.8,6/22/2018 16:00:00,1715.67,6/22/2018 16:00:00,38.09
6/25/2018 16:00:00,182.17,6/25/2018 16:00:00,15.11,6/25/2018 16:00:00,1663.15,6/25/2018 16:00:00,37.11
6/26/2018 16:00:00,184.43,6/26/2018 16:00:00,15.5,6/26/2018 16:00:00,1691.09,6/26/2018 16:00:00,37.07
6/27/2018 16:00:00,184.16,6/27/2018 16:00:00,14.97,6/27/2018 16:00:00,1660.51,6/27/2018 16:00:00,36.3
6/28/2018 16:00:00,185.5,6/28/2018 16:00:00,15.31,6/28/2018 16:00:00,1701.45,6/28/2018 16:00:00,36.14
6/29/2018 16:00:00,185.11,6/29/2018 16:00:00,14.99,6/29/2018 16:00:00,1699.8,6/29/2018 16:00:00,36.26
7/2/2018 16:00:00,187.18,7/2/2018 16:00:00,15.16,7/2/2018 16:00:00,1713.78,7/2/2018 16:00:00,36.67
7/3/2018 13:00:00,183.92,7/3/2018 13:00:00,15,7/3/2018 13:00:00,1693.96,7/3/2018 13:00:00,36.64
7/5/2018 16:00:00,185.4,7/5/2018 16:00:00,15.5,7/5/2018 16:00:00,1699.73,7/5/2018 16:00:00,37.03
7/6/2018 16:00:00,187.97,7/6/2018 16:00:00,16.36,7/6/2018 16:00:00,1710.63,7/6/2018 16:00:00,37.39
7/9/2018 16:00:00,190.58,7/9/2018 16:00:00,16.61,7/9/2018 16:00:00,1739.02,7/9/2018 16:00:00,37.91
7/10/2018 16:00:00,190.35,7/10/2018 16:00:00,16.55,7/10/2018 16:00:00,1743.07,7/10/2018 16:00:00,37.04
7/11/2018 16:00:00,187.88,7/11/2018 16:00:00,16.27,7/11/2018 16:00:00,1755,7/11/2018 16:00:00,36.98
7/12/2018 16:00:00,191.03,7/12/2018 16:00:00,16.56,7/12/2018 16:00:00,1796.62,7/12/2018 16:00:00,37.55
7/13/2018 16:00:00,191.33,7/13/2018 16:00:00,16.27,7/13/2018 16:00:00,1813.03,7/13/2018 16:00:00,37.61
7/16/2018 16:00:00,190.91,7/16/2018 16:00:00,16.58,7/16/2018 16:00:00,1822.49,7/16/2018 16:00:00,37.73
7/17/2018 16:00:00,191.45,7/17/2018 16:00:00,16.87,7/17/2018 16:00:00,1843.93,7/17/2018 16:00:00,37.81
7/18/2018 16:00:00,190.4,7/18/2018 16:00:00,16.85,7/18/2018 16:00:00,1842.92,7/18/2018 16:00:00,37.95
7/19/2018 16:00:00,191.88,7/19/2018 16:00:00,16.71,7/19/2018 16:00:00,1812.97,7/19/2018 16:00:00,34.11
7/20/2018 16:00:00,191.44,7/20/2018 16:00:00,16.5,7/20/2018 16:00:00,1813.7,7/20/2018 16:00:00,34.2
7/23/2018 16:00:00,191.44,7/23/2018 16:00:00,16.66,7/23/2018 16:00:00,1802,7/23/2018 16:00:00,33.79
7/24/2018 16:00:00,193,7/24/2018 16:00:00,16.19,7/24/2018 16:00:00,1829.24,7/24/2018 16:00:00,33.52
7/25/2018 16:00:00,194.82,7/25/2018 16:00:00,16.05,7/25/2018 16:00:00,1863.61,7/25/2018 16:00:00,33.89
7/26/2018 16:00:00,194.21,7/26/2018 16:00:00,18.35,7/26/2018 16:00:00,1808,7/26/2018 16:00:00,34.43
7/27/2018 16:00:00,190.98,7/27/2018 16:00:00,18.94,7/27/2018 16:00:00,1817.27,7/27/2018 16:00:00,33.81
7/30/2018 16:00:00,189.91,7/30/2018 16:00:00,19.42,7/30/2018 16:00:00,1779.22,7/30/2018 16:00:00,33.67
7/31/2018 16:00:00,190.29,7/31/2018 16:00:00,18.33,7/31/2018 16:00:00,1777.44,7/31/2018 16:00:00,33.45
8/1/2018 16:00:00,201.5,8/1/2018 16:00:00,18.48,8/1/2018 16:00:00,1797.17,8/1/2018 16:00:00,33.09
8/2/2018 16:00:00,207.39,8/2/2018 16:00:00,18.79,8/2/2018 16:00:00,1834.33,8/2/2018 16:00:00,33.22
8/3/2018 16:00:00,207.99,8/3/2018 16:00:00,18.49,8/3/2018 16:00:00,1823.29,8/3/2018 16:00:00,33.66
8/6/2018 16:00:00,209.07,8/6/2018 16:00:00,19.43,8/6/2018 16:00:00,1847.75,8/6/2018 16:00:00,33.99
8/7/2018 16:00:00,207.11,8/7/2018 16:00:00,19.56,8/7/2018 16:00:00,1862.48,8/7/2018 16:00:00,33.78
8/8/2018 16:00:00,207.25,8/8/2018 16:00:00,19.58,8/8/2018 16:00:00,1886.52,8/8/2018 16:00:00,33.84
8/9/2018 16:00:00,208.88,8/9/2018 16:00:00,19.1,8/9/2018 16:00:00,1898.52,8/9/2018 16:00:00,34.15
8/10/2018 16:00:00,207.53,8/10/2018 16:00:00,19.06,8/10/2018 16:00:00,1886.3,8/10/2018 16:00:00,34.09
8/13/2018 16:00:00,208.87,8/13/2018 16:00:00,19.73,8/13/2018 16:00:00,1896.2,8/13/2018 16:00:00,33.88
8/14/2018 16:00:00,209.75,8/14/2018 16:00:00,20.02,8/14/2018 16:00:00,1919.65,8/14/2018 16:00:00,34.4
8/15/2018 16:00:00,210.24,8/15/2018 16:00:00,19.7,8/15/2018 16:00:00,1882.62,8/15/2018 16:00:00,33.86
8/16/2018 16:00:00,213.32,8/16/2018 16:00:00,19.33,8/16/2018 16:00:00,1886.52,8/16/2018 16:00:00,33.77
8/17/2018 16:00:00,217.58,8/17/2018 16:00:00,19.77,8/17/2018 16:00:00,1882.22,8/17/2018 16:00:00,34.01
8/20/2018 16:00:00,215.46,8/20/2018 16:00:00,19.98,8/20/2018 16:00:00,1876.71,8/20/2018 16:00:00,34.02
8/21/2018 16:00:00,215.04,8/21/2018 16:00:00,20.4,8/21/2018 16:00:00,1883.42,8/21/2018 16:00:00,34.53
8/22/2018 16:00:00,215.05,8/22/2018 16:00:00,20.9,8/22/2018 16:00:00,1904.9,8/22/2018 16:00:00,34.7
8/23/2018 16:00:00,215.49,8/23/2018 16:00:00,22.29,8/23/2018 16:00:00,1902.9,8/23/2018 16:00:00,34.4
8/24/2018 16:00:00,216.16,8/24/2018 16:00:00,23.98,8/24/2018 16:00:00,1905.39,8/24/2018 16:00:00,34.53
8/27/2018 16:00:00,217.94,8/27/2018 16:00:00,25.26,8/27/2018 16:00:00,1927.68,8/27/2018 16:00:00,34.58
8/28/2018 16:00:00,219.7,8/28/2018 16:00:00,25.05,8/28/2018 16:00:00,1932.82,8/28/2018 16:00:00,34.74
8/29/2018 16:00:00,222.98,8/29/2018 16:00:00,25.2,8/29/2018 16:00:00,1998.1,8/29/2018 16:00:00,34.93
8/30/2018 16:00:00,225.03,8/30/2018 16:00:00,24.89,8/30/2018 16:00:00,2002.38,8/30/2018 16:00:00,34.8
8/31/2018 16:00:00,227.63,8/31/2018 16:00:00,25.17,8/31/2018 16:00:00,2012.71,8/31/2018 16:00:00,34.61
9/4/2018 16:00:00,228.36,9/4/2018 16:00:00,28.06,9/4/2018 16:00:00,2039.51,9/4/2018 16:00:00,34.8
9/5/2018 16:00:00,226.87,9/5/2018 16:00:00,28.51,9/5/2018 16:00:00,1994.82,9/5/2018 16:00:00,34.13
9/6/2018 16:00:00,223.1,9/6/2018 16:00:00,27.84,9/6/2018 16:00:00,1958.31,9/6/2018 16:00:00,33.66
9/7/2018 16:00:00,221.3,9/7/2018 16:00:00,27.38,9/7/2018 16:00:00,1952.07,9/7/2018 16:00:00,33.99
9/10/2018 16:00:00,218.33,9/10/2018 16:00:00,29.89,9/10/2018 16:00:00,1939.01,9/10/2018 16:00:00,33.71
9/11/2018 16:00:00,223.85,9/11/2018 16:00:00,30.1,9/11/2018 16:00:00,1987.15,9/11/2018 16:00:00,34.11
9/12/2018 16:00:00,221.07,9/12/2018 16:00:00,32.21,9/12/2018 16:00:00,1990,9/12/2018 16:00:00,34.26
9/13/2018 16:00:00,226.41,9/13/2018 16:00:00,30.48,9/13/2018 16:00:00,1989.87,9/13/2018 16:00:00,34.44
9/14/2018 16:00:00,223.84,9/14/2018 16:00:00,32.72,9/14/2018 16:00:00,1970.19,9/14/2018 16:00:00,34.1
9/17/2018 16:00:00,217.88,9/17/2018 16:00:00,32.43,9/17/2018 16:00:00,1908.03,9/17/2018 16:00:00,34.2
9/18/2018 16:00:00,218.24,9/18/2018 16:00:00,31.93,9/18/2018 16:00:00,1941.05,9/18/2018 16:00:00,34.12
9/19/2018 16:00:00,218.37,9/19/2018 16:00:00,31.21,9/19/2018 16:00:00,1926.42,9/19/2018 16:00:00,34.22
9/20/2018 16:00:00,220.03,9/20/2018 16:00:00,31.18,9/20/2018 16:00:00,1944.3,9/20/2018 16:00:00,34.24
9/21/2018 16:00:00,217.66,9/21/2018 16:00:00,31.02,9/21/2018 16:00:00,1915.01,9/21/2018 16:00:00,34.04
9/24/2018 16:00:00,220.79,9/24/2018 16:00:00,32.61,9/24/2018 16:00:00,1934.36,9/24/2018 16:00:00,33.72
9/25/2018 16:00:00,222.19,9/25/2018 16:00:00,32.57,9/25/2018 16:00:00,1974.55,9/25/2018 16:00:00,32.76
9/26/2018 16:00:00,220.42,9/26/2018 16:00:00,32.19,9/26/2018 16:00:00,1974.85,9/26/2018 16:00:00,33.58
9/27/2018 16:00:00,224.95,9/27/2018 16:00:00,32.59,9/27/2018 16:00:00,2012.98,9/27/2018 16:00:00,33.34
9/28/2018 16:00:00,225.74,9/28/2018 16:00:00,30.89,9/28/2018 16:00:00,2003,9/28/2018 16:00:00,33.02
10/1/2018 16:00:00,227.26,10/1/2018 16:00:00,31.42,10/1/2018 16:00:00,2004.36,10/1/2018 16:00:00,32.51
10/2/2018 16:00:00,229.28,10/2/2018 16:00:00,29.02,10/2/2018 16:00:00,1971.31,10/2/2018 16:00:00,32.56
10/3/2018 16:00:00,232.07,10/3/2018 16:00:00,28.43,10/3/2018 16:00:00,1952.76,10/3/2018 16:00:00,32.75
10/4/2018 16:00:00,227.99,10/4/2018 16:00:00,27.78,10/4/2018 16:00:00,1909.42,10/4/2018 16:00:00,32.63
10/5/2018 16:00:00,224.29,10/5/2018 16:00:00,27.35,10/5/2018 16:00:00,1889.65,10/5/2018 16:00:00,32.24
10/8/2018 16:00:00,223.77,10/8/2018 16:00:00,26.46,10/8/2018 16:00:00,1864.42,10/8/2018 16:00:00,32.58
10/9/2018 16:00:00,226.87,10/9/2018 16:00:00,27.24,10/9/2018 16:00:00,1870.32,10/9/2018 16:00:00,33.28
10/10/2018 16:00:00,216.36,10/10/2018 16:00:00,25,10/10/2018 16:00:00,1755.25,10/10/2018 16:00:00,31.67
10/11/2018 16:00:00,214.45,10/11/2018 16:00:00,25.3,10/11/2018 16:00:00,1719.36,10/11/2018 16:00:00,31.4
10/12/2018 16:00:00,222.11,10/12/2018 16:00:00,26.34,10/12/2018 16:00:00,1788.61,10/12/2018 16:00:00,31.72
10/15/2018 16:00:00,217.36,10/15/2018 16:00:00,26.26,10/15/2018 16:00:00,1760.95,10/15/2018 16:00:00,31.86
10/16/2018 16:00:00,222.15,10/16/2018 16:00:00,28.18,10/16/2018 16:00:00,1819.96,10/16/2018 16:00:00,32.25
10/17/2018 16:00:00,221.19,10/17/2018 16:00:00,27.3,10/17/2018 16:00:00,1831.73,10/17/2018 16:00:00,32.02
10/18/2018 16:00:00,216.02,10/18/2018 16:00:00,26.62,10/18/2018 16:00:00,1770.72,10/18/2018 16:00:00,31.55
10/19/2018 16:00:00,219.31,10/19/2018 16:00:00,23.66,10/19/2018 16:00:00,1764.03,10/19/2018 16:00:00,28.75
10/22/2018 16:00:00,220.65,10/22/2018 16:00:00,25.03,10/22/2018 16:00:00,1789.3,10/22/2018 16:00:00,28.49
10/23/2018 16:00:00,222.73,10/23/2018 16:00:00,25.09,10/23/2018 16:00:00,1768.7,10/23/2018 16:00:00,28.19
10/24/2018 16:00:00,215.09,10/24/2018 16:00:00,22.79,10/24/2018 16:00:00,1664.2,10/24/2018 16:00:00,27.29
10/25/2018 16:00:00,219.8,10/25/2018 16:00:00,19.27,10/25/2018 16:00:00,1782.17,10/25/2018 16:00:00,28.06
10/26/2018 16:00:00,216.3,10/26/2018 16:00:00,17.63,10/26/2018 16:00:00,1642.81,10/26/2018 16:00:00,27.34
10/29/2018 16:00:00,212.24,10/29/2018 16:00:00,16.85,10/29/2018 16:00:00,1538.88,10/29/2018 16:00:00,26.82
10/30/2018 16:00:00,213.3,10/30/2018 16:00:00,17.2,10/30/2018 16:00:00,1530.42,10/30/2018 16:00:00,27.42
10/31/2018 16:00:00,218.86,10/31/2018 16:00:00,18.21,10/31/2018 16:00:00,1598.01,10/31/2018 16:00:00,29.03
11/1/2018 16:00:00,222.22,11/1/2018 16:00:00,20.22,11/1/2018 16:00:00,1665.53,11/1/2018 16:00:00,29.52
11/2/2018 16:00:00,207.48,11/2/2018 16:00:00,20.23,11/2/2018 16:00:00,1665.53,11/2/2018 16:00:00,29.87
11/5/2018 16:00:00,201.59,11/5/2018 16:00:00,19.9,11/5/2018 16:00:00,1627.8,11/5/2018 16:00:00,29.64
11/6/2018 16:00:00,203.77,11/6/2018 16:00:00,20.68,11/6/2018 16:00:00,1642.81,11/6/2018 16:00:00,29.95
11/7/2018 16:00:00,209.95,11/7/2018 16:00:00,21.84,11/7/2018 16:00:00,1755.49,11/7/2018 16:00:00,29.86
11/8/2018 16:00:00,208.49,11/8/2018 16:00:00,21.2,11/8/2018 16:00:00,1754.91,11/8/2018 16:00:00,29.84
11/9/2018 16:00:00,204.47,11/9/2018 16:00:00,21.03,11/9/2018 16:00:00,1712.43,11/9/2018 16:00:00,29.63
11/12/2018 16:00:00,194.17,11/12/2018 16:00:00,19.03,11/12/2018 16:00:00,1636.85,11/12/2018 16:00:00,28.96
11/13/2018 16:00:00,192.23,11/13/2018 16:00:00,19.61,11/13/2018 16:00:00,1631.17,11/13/2018 16:00:00,28.1
11/14/2018 16:00:00,186.8,11/14/2018 16:00:00,20.81,11/14/2018 16:00:00,1599.01,11/14/2018 16:00:00,27.89
11/15/2018 16:00:00,191.41,11/15/2018 16:00:00,21.49,11/15/2018 16:00:00,1619.44,11/15/2018 16:00:00,28.17
11/16/2018 16:00:00,193.53,11/16/2018 16:00:00,20.66,11/16/2018 16:00:00,1593.41,11/16/2018 16:00:00,28.12
11/19/2018 16:00:00,185.86,11/19/2018 16:00:00,19.11,11/19/2018 16:00:00,1512.29,11/19/2018 16:00:00,27.96
11/20/2018 16:00:00,176.98,11/20/2018 16:00:00,19.21,11/20/2018 16:00:00,1495.46,11/20/2018 16:00:00,28.16
11/21/2018 16:00:00,176.78,11/21/2018 16:00:00,18.73,11/21/2018 16:00:00,1516.73,11/21/2018 16:00:00,28.34
11/23/2018 13:00:00,172.29,11/23/2018 13:00:00,19.38,11/23/2018 13:00:00,1502.06,11/23/2018 13:00:00,28.44
11/26/2018 16:00:00,174.62,11/26/2018 16:00:00,20.08,11/26/2018 16:00:00,1581.33,11/26/2018 16:00:00,28.8
11/27/2018 16:00:00,174.24,11/27/2018 16:00:00,21.05,11/27/2018 16:00:00,1581.42,11/27/2018 16:00:00,28.74
11/28/2018 16:00:00,180.94,11/28/2018 16:00:00,21.34,11/28/2018 16:00:00,1677.75,11/28/2018 16:00:00,29.76
11/29/2018 16:00:00,179.55,11/29/2018 16:00:00,21.43,11/29/2018 16:00:00,1673.57,11/29/2018 16:00:00,29.52
11/30/2018 16:00:00,178.58,11/30/2018 16:00:00,21.3,11/30/2018 16:00:00,1690.17,11/30/2018 16:00:00,29.85
12/3/2018 16:00:00,184.82,12/3/2018 16:00:00,23.71,12/3/2018 16:00:00,1772.36,12/3/2018 16:00:00,30.2
12/4/2018 16:00:00,176.69,12/4/2018 16:00:00,21.12,12/4/2018 16:00:00,1668.4,12/4/2018 16:00:00,29.26
12/6/2018 16:00:00,174.72,12/6/2018 16:00:00,21.3,12/6/2018 16:00:00,1699.19,12/6/2018 16:00:00,29.47
12/7/2018 16:00:00,168.49,12/7/2018 16:00:00,19.46,12/7/2018 16:00:00,1629.13,12/7/2018 16:00:00,29.06
12/10/2018 16:00:00,169.6,12/10/2018 16:00:00,19.99,12/10/2018 16:00:00,1641.03,12/10/2018 16:00:00,28.98
12/11/2018 16:00:00,168.63,12/11/2018 16:00:00,19.98,12/11/2018 16:00:00,1643.24,12/11/2018 16:00:00,29.05
12/12/2018 16:00:00,169.1,12/12/2018 16:00:00,20.48,12/12/2018 16:00:00,1663.54,12/12/2018 16:00:00,29.04
12/13/2018 16:00:00,170.95,12/13/2018 16:00:00,19.86,12/13/2018 16:00:00,1658.38,12/13/2018 16:00:00,29.02
12/14/2018 16:00:00,165.48,12/14/2018 16:00:00,19.9,12/14/2018 16:00:00,1591.91,12/14/2018 16:00:00,28.91
12/17/2018 16:00:00,163.94,12/17/2018 16:00:00,18.83,12/17/2018 16:00:00,1520.91,12/17/2018 16:00:00,28.48
12/18/2018 16:00:00,166.07,12/18/2018 16:00:00,19.5,12/18/2018 16:00:00,1551.48,12/18/2018 16:00:00,28.5
12/19/2018 16:00:00,160.89,12/19/2018 16:00:00,18.16,12/19/2018 16:00:00,1495.08,12/19/2018 16:00:00,28.3
12/20/2018 16:00:00,156.83,12/20/2018 16:00:00,17.94,12/20/2018 16:00:00,1460.83,12/20/2018 16:00:00,27.99
12/21/2018 16:00:00,150.73,12/21/2018 16:00:00,16.93,12/21/2018 16:00:00,1377.45,12/21/2018 16:00:00,26.58
12/24/2018 13:00:00,146.83,12/24/2018 13:00:00,16.65,12/24/2018 13:00:00,1343.96,12/24/2018 13:00:00,26.14
12/26/2018 16:00:00,157.17,12/26/2018 16:00:00,17.9,12/26/2018 16:00:00,1470.9,12/26/2018 16:00:00,27.85
12/27/2018 16:00:00,156.15,12/27/2018 16:00:00,17.49,12/27/2018 16:00:00,1461.64,12/27/2018 16:00:00,28.03
12/28/2018 16:00:00,156.23,12/28/2018 16:00:00,17.82,12/28/2018 16:00:00,1478.02,12/28/2018 16:00:00,28.24
12/31/2018 16:00:00,157.74,12/31/2018 16:00:00,18.46,12/31/2018 16:00:00,1501.97,12/31/2018 16:00:00,28.07
1/2/2019 16:00:00,157.92,1/2/2019 16:00:00,18.83,1/2/2019 16:00:00,1539.13,1/2/2019 16:00:00,28.85
1/3/2019 16:00:00,142.19,1/3/2019 16:00:00,17.05,1/3/2019 16:00:00,1500.28,1/3/2019 16:00:00,28.32
1/4/2019 16:00:00,148.26,1/4/2019 16:00:00,19,1/4/2019 16:00:00,1575.39,1/4/2019 16:00:00,28.97
1/7/2019 16:00:00,147.93,1/7/2019 16:00:00,20.57,1/7/2019 16:00:00,1629.51,1/7/2019 16:00:00,29.47
1/8/2019 16:00:00,150.75,1/8/2019 16:00:00,20.75,1/8/2019 16:00:00,1656.58,1/8/2019 16:00:00,30
1/9/2019 16:00:00,153.31,1/9/2019 16:00:00,20.19,1/9/2019 16:00:00,1659.42,1/9/2019 16:00:00,30.29
1/10/2019 16:00:00,153.8,1/10/2019 16:00:00,19.74,1/10/2019 16:00:00,1656.22,1/10/2019 16:00:00,30.57
1/11/2019 16:00:00,152.29,1/11/2019 16:00:00,20.27,1/11/2019 16:00:00,1640.56,1/11/2019 16:00:00,30.41
1/14/2019 16:00:00,150,1/14/2019 16:00:00,20.23,1/14/2019 16:00:00,1617.21,1/14/2019 16:00:00,30.21
1/15/2019 16:00:00,153.07,1/15/2019 16:00:00,20.38,1/15/2019 16:00:00,1674.56,1/15/2019 16:00:00,30.67
1/16/2019 16:00:00,154.94,1/16/2019 16:00:00,19.73,1/16/2019 16:00:00,1683.78,1/16/2019 16:00:00,30.29
1/17/2019 16:00:00,155.86,1/17/2019 16:00:00,20.25,1/17/2019 16:00:00,1693.22,1/17/2019 16:00:00,30.38
1/18/2019 16:00:00,156.82,1/18/2019 16:00:00,20.77,1/18/2019 16:00:00,1696.2,1/18/2019 16:00:00,31
1/22/2019 16:00:00,153.3,1/22/2019 16:00:00,19.76,1/22/2019 16:00:00,1632.17,1/22/2019 16:00:00,32.9
1/23/2019 16:00:00,153.92,1/23/2019 16:00:00,19.8,1/23/2019 16:00:00,1640.02,1/23/2019 16:00:00,32.61
1/24/2019 16:00:00,152.7,1/24/2019 16:00:00,20.85,1/24/2019 16:00:00,1654.93,1/24/2019 16:00:00,32.65
1/25/2019 16:00:00,157.76,1/25/2019 16:00:00,21.93,1/25/2019 16:00:00,1670.57,1/25/2019 16:00:00,33.72
1/28/2019 16:00:00,156.3,1/28/2019 16:00:00,20.18,1/28/2019 16:00:00,1637.89,1/28/2019 16:00:00,34.02
1/29/2019 16:00:00,154.68,1/29/2019 16:00:00,19.25,1/29/2019 16:00:00,1593.88,1/29/2019 16:00:00,33.69
1/30/2019 16:00:00,165.25,1/30/2019 16:00:00,23.09,1/30/2019 16:00:00,1670.43,1/30/2019 16:00:00,34.08
1/31/2019 16:00:00,166.44,1/31/2019 16:00:00,24.41,1/31/2019 16:00:00,1718.73,1/31/2019 16:00:00,33.65
2/1/2019 16:00:00,166.52,2/1/2019 16:00:00,24.51,2/1/2019 16:00:00,1626.23,2/1/2019 16:00:00,34.31
2/4/2019 16:00:00,171.25,2/4/2019 16:00:00,24.13,2/4/2019 16:00:00,1633.31,2/4/2019 16:00:00,35.05
2/5/2019 16:00:00,174.18,2/5/2019 16:00:00,23.31,2/5/2019 16:00:00,1658.81,2/5/2019 16:00:00,35.33
2/6/2019 16:00:00,174.24,2/6/2019 16:00:00,23.26,2/6/2019 16:00:00,1640.26,2/6/2019 16:00:00,35.48
2/7/2019 16:00:00,170.94,2/7/2019 16:00:00,22.67,2/7/2019 16:00:00,1614.37,2/7/2019 16:00:00,35.25
2/8/2019 16:00:00,170.41,2/8/2019 16:00:00,23.05,2/8/2019 16:00:00,1588.22,2/8/2019 16:00:00,35.26
2/11/2019 16:00:00,169.43,2/11/2019 16:00:00,22.96,2/11/2019 16:00:00,1591,2/11/2019 16:00:00,35.59
2/12/2019 16:00:00,170.89,2/12/2019 16:00:00,22.82,2/12/2019 16:00:00,1638.01,2/12/2019 16:00:00,36.19
2/13/2019 16:00:00,170.18,2/13/2019 16:00:00,22.85,2/13/2019 16:00:00,1640,2/13/2019 16:00:00,36.26
2/14/2019 16:00:00,170.8,2/14/2019 16:00:00,23.13,2/14/2019 16:00:00,1622.65,2/14/2019 16:00:00,36.32
2/15/2019 16:00:00,170.42,2/15/2019 16:00:00,23.68,2/15/2019 16:00:00,1607.95,2/15/2019 16:00:00,36.58
2/19/2019 16:00:00,170.93,2/19/2019 16:00:00,23.95,2/19/2019 16:00:00,1627.58,2/19/2019 16:00:00,37.05
2/20/2019 16:00:00,172.03,2/20/2019 16:00:00,23.95,2/20/2019 16:00:00,1622.1,2/20/2019 16:00:00,36.74
2/21/2019 16:00:00,171.06,2/21/2019 16:00:00,23.92,2/21/2019 16:00:00,1619.44,2/21/2019 16:00:00,36.98
2/22/2019 16:00:00,172.97,2/22/2019 16:00:00,24.36,2/22/2019 16:00:00,1631.56,2/22/2019 16:00:00,37.49
2/25/2019 16:00:00,174.23,2/25/2019 16:00:00,24.71,2/25/2019 16:00:00,1633,2/25/2019 16:00:00,37.34
2/26/2019 16:00:00,174.33,2/26/2019 16:00:00,24.21,2/26/2019 16:00:00,1636.4,2/26/2019 16:00:00,37.38
2/27/2019 16:00:00,174.87,2/27/2019 16:00:00,23.48,2/27/2019 16:00:00,1641.09,2/27/2019 16:00:00,37.58
2/28/2019 16:00:00,173.15,2/28/2019 16:00:00,23.53,2/28/2019 16:00:00,1639.83,2/28/2019 16:00:00,37.15
3/1/2019 16:00:00,174.97,3/1/2019 16:00:00,23.68,3/1/2019 16:00:00,1671.73,3/1/2019 16:00:00,37.35
3/4/2019 16:00:00,175.85,3/4/2019 16:00:00,23.37,3/4/2019 16:00:00,1696.17,3/4/2019 16:00:00,37.25
3/5/2019 16:00:00,175.53,3/5/2019 16:00:00,23.5,3/5/2019 16:00:00,1692.43,3/5/2019 16:00:00,37.12
3/6/2019 16:00:00,174.52,3/6/2019 16:00:00,22.41,3/6/2019 16:00:00,1668.95,3/6/2019 16:00:00,36.81
3/7/2019 16:00:00,172.5,3/7/2019 16:00:00,22.08,3/7/2019 16:00:00,1625.95,3/7/2019 16:00:00,36.21
3/8/2019 16:00:00,172.91,3/8/2019 16:00:00,22.01,3/8/2019 16:00:00,1620.8,3/8/2019 16:00:00,35.89
3/11/2019 16:00:00,178.9,3/11/2019 16:00:00,22.96,3/11/2019 16:00:00,1670.62,3/11/2019 16:00:00,36.25
3/12/2019 16:00:00,180.91,3/12/2019 16:00:00,23.49,3/12/2019 16:00:00,1673.1,3/12/2019 16:00:00,36.28
3/13/2019 16:00:00,181.71,3/13/2019 16:00:00,23.38,3/13/2019 16:00:00,1690.81,3/13/2019 16:00:00,36.46
3/14/2019 16:00:00,183.73,3/14/2019 16:00:00,22.82,3/14/2019 16:00:00,1686.22,3/14/2019 16:00:00,36.35
3/15/2019 16:00:00,186.12,3/15/2019 16:00:00,23.29,3/15/2019 16:00:00,1712.36,3/15/2019 16:00:00,36.3
3/18/2019 16:00:00,188.02,3/18/2019 16:00:00,23.25,3/18/2019 16:00:00,1742.15,3/18/2019 16:00:00,36.27
3/19/2019 16:00:00,186.53,3/19/2019 16:00:00,26,3/19/2019 16:00:00,1761.85,3/19/2019 16:00:00,36.87
3/20/2019 16:00:00,188.16,3/20/2019 16:00:00,25.7,3/20/2019 16:00:00,1797.27,3/20/2019 16:00:00,36.7
3/21/2019 16:00:00,195.09,3/21/2019 16:00:00,27.89,3/21/2019 16:00:00,1819.26,3/21/2019 16:00:00,37.2
3/22/2019 16:00:00,191.05,3/22/2019 16:00:00,26.37,3/22/2019 16:00:00,1764.77,3/22/2019 16:00:00,36.65
3/25/2019 16:00:00,188.74,3/25/2019 16:00:00,25.97,3/25/2019 16:00:00,1774.26,3/25/2019 16:00:00,36.72
3/26/2019 16:00:00,186.79,3/26/2019 16:00:00,25.69,3/26/2019 16:00:00,1783.76,3/26/2019 16:00:00,36.9
3/27/2019 16:00:00,188.47,3/27/2019 16:00:00,24.89,3/27/2019 16:00:00,1765.7,3/27/2019 16:00:00,36.83
3/28/2019 16:00:00,188.72,3/28/2019 16:00:00,25.06,3/28/2019 16:00:00,1773.42,3/28/2019 16:00:00,36.78
3/29/2019 16:00:00,189.95,3/29/2019 16:00:00,25.52,3/29/2019 16:00:00,1780.75,3/29/2019 16:00:00,37.14
4/1/2019 16:00:00,191.24,4/1/2019 16:00:00,26.36,4/1/2019 16:00:00,1814.19,4/1/2019 16:00:00,37.68
4/2/2019 16:00:00,194.02,4/2/2019 16:00:00,26.75,4/2/2019 16:00:00,1813.98,4/2/2019 16:00:00,37.92
4/3/2019 16:00:00,195.35,4/3/2019 16:00:00,29.02,4/3/2019 16:00:00,1820.7,4/3/2019 16:00:00,37.99
4/4/2019 16:00:00,195.69,4/4/2019 16:00:00,29.09,4/4/2019 16:00:00,1818.86,4/4/2019 16:00:00,38.05
4/5/2019 16:00:00,197,4/5/2019 16:00:00,28.98,4/5/2019 16:00:00,1837.28,4/5/2019 16:00:00,37.84
4/8/2019 16:00:00,200.1,4/8/2019 16:00:00,28.53,4/8/2019 16:00:00,1849.86,4/8/2019 16:00:00,37.81
4/9/2019 16:00:00,199.5,4/9/2019 16:00:00,27.24,4/9/2019 16:00:00,1835.84,4/9/2019 16:00:00,37.75
4/10/2019 16:00:00,200.62,4/10/2019 16:00:00,27.83,4/10/2019 16:00:00,1847.33,4/10/2019 16:00:00,37.72
4/11/2019 16:00:00,198.95,4/11/2019 16:00:00,27.79,4/11/2019 16:00:00,1844.07,4/11/2019 16:00:00,36.32
4/12/2019 16:00:00,198.87,4/12/2019 16:00:00,27.85,4/12/2019 16:00:00,1843.06,4/12/2019 16:00:00,36.17
4/15/2019 16:00:00,199.23,4/15/2019 16:00:00,27.33,4/15/2019 16:00:00,1844.87,4/15/2019 16:00:00,36.23
4/16/2019 16:00:00,199.25,4/16/2019 16:00:00,27.93,4/16/2019 16:00:00,1863.04,4/16/2019 16:00:00,36.39
4/17/2019 16:00:00,203.13,4/17/2019 16:00:00,27.49,4/17/2019 16:00:00,1864.82,4/17/2019 16:00:00,35.97
4/18/2019 16:00:00,203.86,4/18/2019 16:00:00,27.68,4/18/2019 16:00:00,1861.69,4/18/2019 16:00:00,35.98
4/22/2019 16:00:00,204.53,4/22/2019 16:00:00,28.18,4/22/2019 16:00:00,1887.31,4/22/2019 16:00:00,36.15
4/23/2019 16:00:00,207.48,4/23/2019 16:00:00,27.97,4/23/2019 16:00:00,1923.77,4/23/2019 16:00:00,36.67
4/24/2019 16:00:00,207.16,4/24/2019 16:00:00,28.46,4/24/2019 16:00:00,1901.75,4/24/2019 16:00:00,38.52
4/25/2019 16:00:00,205.28,4/25/2019 16:00:00,27.66,4/25/2019 16:00:00,1902.25,4/25/2019 16:00:00,38.11
4/26/2019 16:00:00,204.3,4/26/2019 16:00:00,27.88,4/26/2019 16:00:00,1950.63,4/26/2019 16:00:00,38.36
4/29/2019 16:00:00,204.61,4/29/2019 16:00:00,27.69,4/29/2019 16:00:00,1938.43,4/29/2019 16:00:00,38.25
4/30/2019 16:00:00,200.67,4/30/2019 16:00:00,27.63,4/30/2019 16:00:00,1926.52,4/30/2019 16:00:00,38.75
5/1/2019 16:00:00,210.52,5/1/2019 16:00:00,26.81,5/1/2019 16:00:00,1911.52,5/1/2019 16:00:00,37.8
5/2/2019 16:00:00,209.15,5/2/2019 16:00:00,28.29,5/2/2019 16:00:00,1900.82,5/2/2019 16:00:00,37.59
5/3/2019 16:00:00,211.75,5/3/2019 16:00:00,28.22,5/3/2019 16:00:00,1962.46,5/3/2019 16:00:00,38.28
5/6/2019 16:00:00,208.48,5/6/2019 16:00:00,27.42,5/6/2019 16:00:00,1950.55,5/6/2019 16:00:00,37.88
5/7/2019 16:00:00,202.86,5/7/2019 16:00:00,26.66,5/7/2019 16:00:00,1921,5/7/2019 16:00:00,37.68
5/8/2019 16:00:00,202.9,5/8/2019 16:00:00,27.09,5/8/2019 16:00:00,1917.77,5/8/2019 16:00:00,37.54
5/9/2019 16:00:00,200.72,5/9/2019 16:00:00,27.21,5/9/2019 16:00:00,1899.87,5/9/2019 16:00:00,37.62
5/10/2019 16:00:00,197.18,5/10/2019 16:00:00,27.96,5/10/2019 16:00:00,1889.98,5/10/2019 16:00:00,37.38
5/13/2019 16:00:00,185.72,5/13/2019 16:00:00,26.24,5/13/2019 16:00:00,1822.68,5/13/2019 16:00:00,35.87
5/14/2019 16:00:00,188.66,5/14/2019 16:00:00,27.32,5/14/2019 16:00:00,1840.12,5/14/2019 16:00:00,36.8
5/15/2019 16:00:00,190.92,5/15/2019 16:00:00,27.58,5/15/2019 16:00:00,1871.15,5/15/2019 16:00:00,37.04
5/16/2019 16:00:00,190.08,5/16/2019 16:00:00,28.01,5/16/2019 16:00:00,1907.57,5/16/2019 16:00:00,37.27
5/17/2019 16:00:00,189,5/17/2019 16:00:00,27.5,5/17/2019 16:00:00,1869,5/17/2019 16:00:00,36.9
5/20/2019 16:00:00,183.09,5/20/2019 16:00:00,26.68,5/20/2019 16:00:00,1858.97,5/20/2019 16:00:00,36.56
5/21/2019 16:00:00,186.6,5/21/2019 16:00:00,27.35,5/21/2019 16:00:00,1857.52,5/21/2019 16:00:00,36.58
5/22/2019 16:00:00,182.78,5/22/2019 16:00:00,27.41,5/22/2019 16:00:00,1859.68,5/22/2019 16:00:00,36.31
5/23/2019 16:00:00,179.66,5/23/2019 16:00:00,26.36,5/23/2019 16:00:00,1815.48,5/23/2019 16:00:00,35.95
5/24/2019 16:00:00,178.97,5/24/2019 16:00:00,26.44,5/24/2019 16:00:00,1823.28,5/24/2019 16:00:00,36.13
5/28/2019 16:00:00,178.23,5/28/2019 16:00:00,29.03,5/28/2019 16:00:00,1836.43,5/28/2019 16:00:00,36.22
5/29/2019 16:00:00,177.38,5/29/2019 16:00:00,28.09,5/29/2019 16:00:00,1819.19,5/29/2019 16:00:00,36.1
5/30/2019 16:00:00,178.3,5/30/2019 16:00:00,28.03,5/30/2019 16:00:00,1816.32,5/30/2019 16:00:00,36.38
5/31/2019 16:00:00,175.07,5/31/2019 16:00:00,27.41,5/31/2019 16:00:00,1775.07,5/31/2019 16:00:00,35.93
6/3/2019 16:00:00,173.3,6/3/2019 16:00:00,27.58,6/3/2019 16:00:00,1692.69,6/3/2019 16:00:00,35.62
6/4/2019 16:00:00,179.64,6/4/2019 16:00:00,29.57,6/4/2019 16:00:00,1729.56,6/4/2019 16:00:00,36.54
6/5/2019 16:00:00,182.54,6/5/2019 16:00:00,29.5,6/5/2019 16:00:00,1738.5,6/5/2019 16:00:00,36.56
6/6/2019 16:00:00,185.22,6/6/2019 16:00:00,31.82,6/6/2019 16:00:00,1754.36,6/6/2019 16:00:00,36.81
6/7/2019 16:00:00,190.15,6/7/2019 16:00:00,32.41,6/7/2019 16:00:00,1804.03,6/7/2019 16:00:00,37.51
6/10/2019 16:00:00,192.58,6/10/2019 16:00:00,33.23,6/10/2019 16:00:00,1860.63,6/10/2019 16:00:00,38.12
6/11/2019 16:00:00,194.81,6/11/2019 16:00:00,32.41,6/11/2019 16:00:00,1863.7,6/11/2019 16:00:00,38.23
6/12/2019 16:00:00,194.19,6/12/2019 16:00:00,32.18,6/12/2019 16:00:00,1855.32,6/12/2019 16:00:00,39.02
6/13/2019 16:00:00,194.15,6/13/2019 16:00:00,31.39,6/13/2019 16:00:00,1870.3,6/13/2019 16:00:00,39
6/14/2019 16:00:00,192.74,6/14/2019 16:00:00,30.36,6/14/2019 16:00:00,1869.67,6/14/2019 16:00:00,38.91
6/17/2019 16:00:00,193.89,6/17/2019 16:00:00,29.2,6/17/2019 16:00:00,1886.03,6/17/2019 16:00:00,39.01
6/18/2019 16:00:00,198.45,6/18/2019 16:00:00,30.45,6/18/2019 16:00:00,1901.37,6/18/2019 16:00:00,39.67
6/19/2019 16:00:00,197.87,6/19/2019 16:00:00,30.5,6/19/2019 16:00:00,1908.79,6/19/2019 16:00:00,40.13
6/20/2019 16:00:00,199.46,6/20/2019 16:00:00,30.01,6/20/2019 16:00:00,1918.19,6/20/2019 16:00:00,39.92
6/21/2019 16:00:00,198.78,6/21/2019 16:00:00,29.1,6/21/2019 16:00:00,1911.3,6/21/2019 16:00:00,40.05
6/24/2019 16:00:00,198.58,6/24/2019 16:00:00,29.26,6/24/2019 16:00:00,1913.9,6/24/2019 16:00:00,39.71
6/25/2019 16:00:00,195.57,6/25/2019 16:00:00,28.86,6/25/2019 16:00:00,1878.27,6/25/2019 16:00:00,39.02
6/26/2019 16:00:00,199.8,6/26/2019 16:00:00,29.92,6/26/2019 16:00:00,1897.83,6/26/2019 16:00:00,39.2
6/27/2019 16:00:00,199.74,6/27/2019 16:00:00,30.74,6/27/2019 16:00:00,1904.28,6/27/2019 16:00:00,39.29
6/28/2019 16:00:00,197.92,6/28/2019 16:00:00,30.37,6/28/2019 16:00:00,1893.63,6/28/2019 16:00:00,39.5
7/1/2019 16:00:00,201.55,7/1/2019 16:00:00,31.2,7/1/2019 16:00:00,1922.19,7/1/2019 16:00:00,39.89
7/2/2019 16:00:00,202.73,7/2/2019 16:00:00,31.24,7/2/2019 16:00:00,1934.31,7/2/2019 16:00:00,40.08
7/3/2019 13:00:00,204.41,7/3/2019 13:00:00,31.19,7/3/2019 13:00:00,1939,7/3/2019 13:00:00,39.9
7/5/2019 16:00:00,204.23,7/5/2019 16:00:00,31.5,7/5/2019 16:00:00,1942.91,7/5/2019 16:00:00,39.8
7/8/2019 16:00:00,200.02,7/8/2019 16:00:00,32.04,7/8/2019 16:00:00,1952.32,7/8/2019 16:00:00,39.54
7/9/2019 16:00:00,201.24,7/9/2019 16:00:00,33.15,7/9/2019 16:00:00,1988.3,7/9/2019 16:00:00,39.94
7/10/2019 16:00:00,203.23,7/10/2019 16:00:00,33.79,7/10/2019 16:00:00,2017.41,7/10/2019 16:00:00,40.01
7/11/2019 16:00:00,201.75,7/11/2019 16:00:00,33.06,7/11/2019 16:00:00,2001.07,7/11/2019 16:00:00,39.6
7/12/2019 16:00:00,203.3,7/12/2019 16:00:00,33.21,7/12/2019 16:00:00,2011,7/12/2019 16:00:00,40.06
7/15/2019 16:00:00,205.21,7/15/2019 16:00:00,34.39,7/15/2019 16:00:00,2020.99,7/15/2019 16:00:00,40.27
7/16/2019 16:00:00,204.5,7/16/2019 16:00:00,33.85,7/16/2019 16:00:00,2009.9,7/16/2019 16:00:00,39.92
7/17/2019 16:00:00,203.35,7/17/2019 16:00:00,33.6,7/17/2019 16:00:00,1992.03,7/17/2019 16:00:00,39.03
7/18/2019 16:00:00,205.66,7/18/2019 16:00:00,33,7/18/2019 16:00:00,1977.9,7/18/2019 16:00:00,39.77
7/19/2019 16:00:00,202.59,7/19/2019 16:00:00,32.51,7/19/2019 16:00:00,1964.52,7/19/2019 16:00:00,40.21
7/22/2019 16:00:00,207.22,7/22/2019 16:00:00,32.85,7/22/2019 16:00:00,1985.63,7/22/2019 16:00:00,40.67
7/23/2019 16:00:00,208.84,7/23/2019 16:00:00,33.49,7/23/2019 16:00:00,1994.49,7/23/2019 16:00:00,41.03
7/24/2019 16:00:00,208.67,7/24/2019 16:00:00,34.11,7/24/2019 16:00:00,2000.81,7/24/2019 16:00:00,41.03
7/25/2019 16:00:00,207.02,7/25/2019 16:00:00,33.67,7/25/2019 16:00:00,1973.82,7/25/2019 16:00:00,40.81
7/26/2019 16:00:00,207.74,7/26/2019 16:00:00,34.02,7/26/2019 16:00:00,1943.05,7/26/2019 16:00:00,41.23
7/29/2019 16:00:00,209.68,7/29/2019 16:00:00,33.48,7/29/2019 16:00:00,1912.45,7/29/2019 16:00:00,41.57
7/30/2019 16:00:00,208.78,7/30/2019 16:00:00,33.87,7/30/2019 16:00:00,1898.53,7/30/2019 16:00:00,41.38
7/31/2019 16:00:00,213.04,7/31/2019 16:00:00,30.45,7/31/2019 16:00:00,1866.78,7/31/2019 16:00:00,41.19
8/1/2019 16:00:00,208.43,8/1/2019 16:00:00,29.86,8/1/2019 16:00:00,1855.32,8/1/2019 16:00:00,41.1
8/2/2019 16:00:00,204.02,8/2/2019 16:00:00,29.44,8/2/2019 16:00:00,1823.24,8/2/2019 16:00:00,40.58
8/5/2019 16:00:00,193.34,8/5/2019 16:00:00,27.99,8/5/2019 16:00:00,1765.13,8/5/2019 16:00:00,38.81
8/6/2019 16:00:00,197,8/6/2019 16:00:00,28.86,8/6/2019 16:00:00,1787.83,8/6/2019 16:00:00,39.69
8/7/2019 16:00:00,199.04,8/7/2019 16:00:00,29.19,8/7/2019 16:00:00,1793.4,8/7/2019 16:00:00,39.72
8/8/2019 16:00:00,203.43,8/8/2019 16:00:00,33.92,8/8/2019 16:00:00,1832.89,8/8/2019 16:00:00,41.25
8/9/2019 16:00:00,200.99,8/9/2019 16:00:00,34.19,8/9/2019 16:00:00,1807.58,8/9/2019 16:00:00,40.31
8/12/2019 16:00:00,200.48,8/12/2019 16:00:00,32.43,8/12/2019 16:00:00,1784.92,8/12/2019 16:00:00,39.74
8/13/2019 16:00:00,208.97,8/13/2019 16:00:00,32.11,8/13/2019 16:00:00,1824.34,8/13/2019 16:00:00,40.98
8/14/2019 16:00:00,202.75,8/14/2019 16:00:00,30.24,8/14/2019 16:00:00,1762.96,8/14/2019 16:00:00,39.64
8/15/2019 16:00:00,201.74,8/15/2019 16:00:00,29.67,8/15/2019 16:00:00,1776.12,8/15/2019 16:00:00,39.44
8/16/2019 16:00:00,206.5,8/16/2019 16:00:00,31.18,8/16/2019 16:00:00,1792.57,8/16/2019 16:00:00,40.02
8/19/2019 16:00:00,210.35,8/19/2019 16:00:00,31.48,8/19/2019 16:00:00,1816.12,8/19/2019 16:00:00,40.39
8/20/2019 16:00:00,210.36,8/20/2019 16:00:00,30.72,8/20/2019 16:00:00,1801.38,8/20/2019 16:00:00,40.03
8/21/2019 16:00:00,212.64,8/21/2019 16:00:00,31.7,8/21/2019 16:00:00,1823.54,8/21/2019 16:00:00,40.38
8/22/2019 16:00:00,212.46,8/22/2019 16:00:00,31.9,8/22/2019 16:00:00,1805.6,8/22/2019 16:00:00,40
8/23/2019 16:00:00,202.64,8/23/2019 16:00:00,29.54,8/23/2019 16:00:00,1749.62,8/23/2019 16:00:00,38.7
8/26/2019 16:00:00,206.49,8/26/2019 16:00:00,30.28,8/26/2019 16:00:00,1768.87,8/26/2019 16:00:00,39.4
8/27/2019 16:00:00,204.16,8/27/2019 16:00:00,30.2,8/27/2019 16:00:00,1761.83,8/27/2019 16:00:00,39
8/28/2019 16:00:00,205.53,8/28/2019 16:00:00,30.78,8/28/2019 16:00:00,1764.25,8/28/2019 16:00:00,40.09
8/29/2019 16:00:00,209.01,8/29/2019 16:00:00,31.45,8/29/2019 16:00:00,1786.4,8/29/2019 16:00:00,40.53
8/30/2019 16:00:00,208.74,8/30/2019 16:00:00,31.45,8/30/2019 16:00:00,1776.29,8/30/2019 16:00:00,40.29
9/3/2019 16:00:00,205.7,9/3/2019 16:00:00,30.9,9/3/2019 16:00:00,1789.84,9/3/2019 16:00:00,39.74
9/4/2019 16:00:00,209.19,9/4/2019 16:00:00,30.95,9/4/2019 16:00:00,1800.62,9/4/2019 16:00:00,39.64
9/5/2019 16:00:00,213.28,9/5/2019 16:00:00,31.5,9/5/2019 16:00:00,1840.72,9/5/2019 16:00:00,40.8
9/6/2019 16:00:00,213.26,9/6/2019 16:00:00,30.56,9/6/2019 16:00:00,1833.51,9/6/2019 16:00:00,40.37
9/9/2019 16:00:00,214.17,9/9/2019 16:00:00,30.5,9/9/2019 16:00:00,1831.35,9/9/2019 16:00:00,41.4
9/10/2019 16:00:00,216.7,9/10/2019 16:00:00,30.23,9/10/2019 16:00:00,1820.55,9/10/2019 16:00:00,40.27
9/11/2019 16:00:00,223.59,9/11/2019 16:00:00,29.76,9/11/2019 16:00:00,1822.99,9/11/2019 16:00:00,39.9
9/12/2019 16:00:00,223.09,9/12/2019 16:00:00,30.21,9/12/2019 16:00:00,1843.55,9/12/2019 16:00:00,40.29
9/13/2019 16:00:00,218.75,9/13/2019 16:00:00,30.69,9/13/2019 16:00:00,1839.34,9/13/2019 16:00:00,40.37
9/16/2019 16:00:00,219.9,9/16/2019 16:00:00,30.83,9/16/2019 16:00:00,1807.84,9/16/2019 16:00:00,40.3
9/17/2019 16:00:00,220.7,9/17/2019 16:00:00,30.99,9/17/2019 16:00:00,1822.55,9/17/2019 16:00:00,40.53
9/18/2019 16:00:00,222.77,9/18/2019 16:00:00,30.42,9/18/2019 16:00:00,1817.46,9/18/2019 16:00:00,40.36
9/19/2019 16:00:00,220.96,9/19/2019 16:00:00,30.29,9/19/2019 16:00:00,1821.5,9/19/2019 16:00:00,40.4
9/20/2019 16:00:00,217.73,9/20/2019 16:00:00,30.05,9/20/2019 16:00:00,1794.16,9/20/2019 16:00:00,40.36
9/23/2019 16:00:00,218.72,9/23/2019 16:00:00,30.64,9/23/2019 16:00:00,1785.3,9/23/2019 16:00:00,40.24
9/24/2019 16:00:00,217.68,9/24/2019 16:00:00,29.52,9/24/2019 16:00:00,1741.61,9/24/2019 16:00:00,39.56
9/25/2019 16:00:00,221.03,9/25/2019 16:00:00,29.54,9/25/2019 16:00:00,1768.33,9/25/2019 16:00:00,39.24
9/26/2019 16:00:00,219.89,9/26/2019 16:00:00,29.47,9/26/2019 16:00:00,1739.84,9/26/2019 16:00:00,38.92
9/27/2019 16:00:00,218.82,9/27/2019 16:00:00,28.72,9/27/2019 16:00:00,1725.45,9/27/2019 16:00:00,38.37
9/30/2019 16:00:00,223.97,9/30/2019 16:00:00,28.99,9/30/2019 16:00:00,1735.91,9/30/2019 16:00:00,38.98
10/1/2019 16:00:00,224.59,10/1/2019 16:00:00,28.76,10/1/2019 16:00:00,1735.65,10/1/2019 16:00:00,38.54
10/2/2019 16:00:00,218.96,10/2/2019 16:00:00,28.31,10/2/2019 16:00:00,1713.23,10/2/2019 16:00:00,38.17
10/3/2019 16:00:00,220.82,10/3/2019 16:00:00,28.68,10/3/2019 16:00:00,1724.42,10/3/2019 16:00:00,37.95
10/4/2019 16:00:00,227.01,10/4/2019 16:00:00,29.01,10/4/2019 16:00:00,1739.65,10/4/2019 16:00:00,38.31
10/7/2019 16:00:00,227.06,10/7/2019 16:00:00,28.93,10/7/2019 16:00:00,1732.66,10/7/2019 16:00:00,37.82
10/8/2019 16:00:00,224.4,10/8/2019 16:00:00,28.23,10/8/2019 16:00:00,1705.51,10/8/2019 16:00:00,37.32
10/9/2019 16:00:00,227.03,10/9/2019 16:00:00,28.46,10/9/2019 16:00:00,1721.99,10/9/2019 16:00:00,37.85
10/10/2019 16:00:00,230.09,10/10/2019 16:00:00,28.38,10/10/2019 16:00:00,1720.26,10/10/2019 16:00:00,37.93
10/11/2019 16:00:00,236.21,10/11/2019 16:00:00,29.75,10/11/2019 16:00:00,1731.92,10/11/2019 16:00:00,38.55
10/14/2019 16:00:00,235.87,10/14/2019 16:00:00,30.53,10/14/2019 16:00:00,1736.43,10/14/2019 16:00:00,38.36
10/15/2019 16:00:00,235.32,10/15/2019 16:00:00,30.72,10/15/2019 16:00:00,1767.38,10/15/2019 16:00:00,38.88
10/16/2019 16:00:00,234.37,10/16/2019 16:00:00,30.81,10/16/2019 16:00:00,1777.43,10/16/2019 16:00:00,38.92
10/17/2019 16:00:00,235.28,10/17/2019 16:00:00,31.14,10/17/2019 16:00:00,1787.48,10/17/2019 16:00:00,39.09
10/18/2019 16:00:00,236.41,10/18/2019 16:00:00,30.97,10/18/2019 16:00:00,1757.51,10/18/2019 16:00:00,38.82
10/21/2019 16:00:00,240.51,10/21/2019 16:00:00,32.03,10/21/2019 16:00:00,1785.66,10/21/2019 16:00:00,39.26
10/22/2019 16:00:00,239.96,10/22/2019 16:00:00,31.51,10/22/2019 16:00:00,1765.73,10/22/2019 16:00:00,38.94
10/23/2019 16:00:00,243.18,10/23/2019 16:00:00,31.36,10/23/2019 16:00:00,1762.17,10/23/2019 16:00:00,39.2
10/24/2019 16:00:00,243.58,10/24/2019 16:00:00,31.72,10/24/2019 16:00:00,1780.78,10/24/2019 16:00:00,35.62
10/25/2019 16:00:00,246.58,10/25/2019 16:00:00,32.71,10/25/2019 16:00:00,1761.33,10/25/2019 16:00:00,35.84
10/28/2019 16:00:00,249.05,10/28/2019 16:00:00,33.69,10/28/2019 16:00:00,1777.08,10/28/2019 16:00:00,35.94
10/29/2019 16:00:00,243.29,10/29/2019 16:00:00,33.03,10/29/2019 16:00:00,1762.71,10/29/2019 16:00:00,36.11
10/30/2019 16:00:00,243.26,10/30/2019 16:00:00,33.13,10/30/2019 16:00:00,1779.99,10/30/2019 16:00:00,35.86
10/31/2019 16:00:00,248.76,10/31/2019 16:00:00,33.93,10/31/2019 16:00:00,1776.66,10/31/2019 16:00:00,35.25
11/1/2019 16:00:00,255.82,11/1/2019 16:00:00,34.89,11/1/2019 16:00:00,1791.44,11/1/2019 16:00:00,35.25
11/4/2019 16:00:00,257.5,11/4/2019 16:00:00,36.29,11/4/2019 16:00:00,1804.66,11/4/2019 16:00:00,35.41
11/5/2019 16:00:00,257.13,11/5/2019 16:00:00,36.15,11/5/2019 16:00:00,1801.71,11/5/2019 16:00:00,35.48
11/6/2019 16:00:00,257.24,11/6/2019 16:00:00,35.93,11/6/2019 16:00:00,1795.77,11/6/2019 16:00:00,35.5
11/7/2019 16:00:00,259.43,11/7/2019 16:00:00,36.28,11/7/2019 16:00:00,1788.2,11/7/2019 16:00:00,34.89
11/8/2019 16:00:00,260.14,11/8/2019 16:00:00,36.29,11/8/2019 16:00:00,1785.88,11/8/2019 16:00:00,35.14
11/11/2019 16:00:00,262.2,11/11/2019 16:00:00,36.31,11/11/2019 16:00:00,1771.65,11/11/2019 16:00:00,35.25
11/12/2019 16:00:00,261.96,11/12/2019 16:00:00,36.71,11/12/2019 16:00:00,1778,11/12/2019 16:00:00,35.07
11/13/2019 16:00:00,264.47,11/13/2019 16:00:00,37.52,11/13/2019 16:00:00,1753.11,11/13/2019 16:00:00,34.64
11/14/2019 16:00:00,262.64,11/14/2019 16:00:00,38.35,11/14/2019 16:00:00,1754.6,11/14/2019 16:00:00,34.96
11/15/2019 16:00:00,265.76,11/15/2019 16:00:00,38.56,11/15/2019 16:00:00,1739.49,11/15/2019 16:00:00,35.27
11/18/2019 16:00:00,267.1,11/18/2019 16:00:00,39.88,11/18/2019 16:00:00,1752.53,11/18/2019 16:00:00,35.1